{
    "Chassis" : null,
    "MechTags" : {
        "items" : [
            "unit_mech",
            "unit_light",
            "unit_role_ewe",
            "unit_electronicWarfare",
	        "unit_release",
            "unit_dlc",
            "unit_range_medium",
			"unit_armor_low",
			"NotDavion",
			"NotKurita",
			"Liao",
			"NotMarik",
			"NotSteiner",
			"NotMagistracyOfCanopus",
			"NotTaurianConcordat"

        ],
        "tagSetSourceFile" : ""
    },
    "ChassisID" : "chassisdef_raven_RVN-1X",
    "PaintTextureID" : null,
    "HeraldryID" : null,
    "Description" : {
        "Cost" : 4960000,
        "Rarity" : 0,
        "Purchasable" : false,
        "Manufacturer" : null,
        "Model" : null,
        "UIName" : "Raven RVN-1X",
        "Id" : "mechdef_raven_RVN-1X",
        "Name" : "Raven",
        "Details" : "The RVN-1X is a light 'Mech designed specifically to carry a new generation of electronic warfare gear. The Raven excels at support and scouting, and its standard complement of SRMs and medium lasers allows it to fight well in a pinch.",
        "Icon" : "uixTxrIcon_raven"
    },           
    "prefabOverride" : null,
    "Version" : 1,
    "Locations" : [
        {
            "DamageLevel" : "Functional",
            "Location" : "Head",
            "CurrentArmor" : 30,
            "CurrentRearArmor" : 0,
            "CurrentInternalStructure" : 16,
            "AssignedArmor" : 30,
            "AssignedRearArmor" : 0
        },
        {
            "DamageLevel" : "Functional",
            "Location" : "CenterTorso",
            "CurrentArmor" : 40,
            "CurrentRearArmor" : 20,
            "CurrentInternalStructure" : 55,
            "AssignedArmor" : 40,
            "AssignedRearArmor" : 20
        },
        {
            "DamageLevel" : "Functional",
            "Location" : "LeftTorso",
            "CurrentArmor" : 30,
            "CurrentRearArmor" : 15,
            "CurrentInternalStructure" : 40,
            "AssignedArmor" : 30,
            "AssignedRearArmor" : 15
        },
        {
            "DamageLevel" : "Functional",
            "Location" : "RightTorso",
            "CurrentArmor" : 30,
            "CurrentRearArmor" : 15,
            "CurrentInternalStructure" : 40,
            "AssignedArmor" : 30,
            "AssignedRearArmor" : 15
        },
        {
            "DamageLevel" : "Functional",
            "Location" : "LeftArm",
            "CurrentArmor" : 30,
            "CurrentRearArmor" : 0,
            "CurrentInternalStructure" : 30,
            "AssignedArmor" : 30,
            "AssignedRearArmor" : 0
        },
        {
            "DamageLevel" : "Functional",
            "Location" : "RightArm",
            "CurrentArmor" : 30,
            "CurrentRearArmor" : 0,
            "CurrentInternalStructure" : 30,
            "AssignedArmor" : 30,
            "AssignedRearArmor" : 0
        },
        {
            "DamageLevel" : "Functional",
            "Location" : "LeftLeg",
            "CurrentArmor" : 40,
            "CurrentRearArmor" : 0,
            "CurrentInternalStructure" : 40,
            "AssignedArmor" : 40,
            "AssignedRearArmor" : 0
        },
        {
            "DamageLevel" : "Functional",
            "Location" : "RightLeg",
            "CurrentArmor" : 40,
            "CurrentRearArmor" : 0,
            "CurrentInternalStructure" : 40,
            "AssignedArmor" : 40,
            "AssignedRearArmor" : 0
        }
    ],
    "inventory" : [
        {
            "MountedLocation" : "RightArm",
            "ComponentDefID" : "Weapon_Laser_MediumLaser_0-STOCK",
            "SimGameUID" : "",
            "ComponentDefType" : "Weapon",
            "HardpointSlot" : 0,
            "IsFixed" : false,
            "GUID" : null,
            "DamageLevel" : "Functional",
            "prefabName" : null,
            "hasPrefabName" : false
        },
        {
            "MountedLocation" : "RightArm",
            "ComponentDefID" : "Weapon_Laser_MediumLaser_0-STOCK",
            "SimGameUID" : "",
            "ComponentDefType" : "Weapon",
            "HardpointSlot" : 1,
            "IsFixed" : false,
            "GUID" : null,
            "DamageLevel" : "Functional",
            "prefabName" : null,
            "hasPrefabName" : false
        },
        {
            "MountedLocation" : "RightTorso",
            "ComponentDefID" : "Weapon_SRM_SRM6_0-STOCK",
            "SimGameUID" : "",
            "ComponentDefType" : "Weapon",
            "HardpointSlot" : 0,
            "IsFixed" : false,
            "GUID" : null,
            "DamageLevel" : "Functional",
            "prefabName" : null,
            "hasPrefabName" : false
        },
        {
            "MountedLocation" : "LeftTorso",
            "ComponentDefID" : "Ammo_AmmunitionBox_Generic_SRM",
            "SimGameUID" : "",
            "ComponentDefType" : "AmmunitionBox",
            "HardpointSlot" : -1,
            "IsFixed" : false,
            "GUID" : null,
            "DamageLevel" : "Functional",
            "prefabName" : null,
            "hasPrefabName" : false
        },
        {
            "MountedLocation" : "RightLeg",
            "ComponentDefID" : "Gear_HeatSink_Generic_Standard",
            "SimGameUID" : "",
            "ComponentDefType" : "HeatSink",
            "HardpointSlot" : -1,
            "IsFixed" : false,
            "GUID" : null,
            "DamageLevel" : "Functional",
            "prefabName" : null,
            "hasPrefabName" : false
        },
        {
            "MountedLocation" : "LeftLeg",
            "ComponentDefID" : "Gear_HeatSink_Generic_Standard",
            "SimGameUID" : "",
            "ComponentDefType" : "HeatSink",
            "HardpointSlot" : -1,
            "IsFixed" : false,
            "GUID" : null,
            "DamageLevel" : "Functional",
            "prefabName" : null,
            "hasPrefabName" : false
        }
    ],
    "simGameMechPartCost" : 500000
}