{
    "MechTags": {
        "items": [
            "unit_mech",
            "unit_heavy",
            "unit_lance_tank",
            "unit_role_ewe",
            "unit_electronicWarfare",
            "unit_release",
            "unit_dlc",
			"unit_range_medium",
			"unit_hot",
			"unit_speed_low",
			"NotDavion",
			"NotKurita",
			"Liao",
			"NotMarik",
			"NotSteiner",
			"NotMagistracyOfCanopus",
			"NotTaurianConcordat"
        ],
        "tagSetSourceFile": ""
    },
    "ChassisID": "chassisdef_cataphract_CTF-0X",
    "HeraldryID": null,
    "Description": {
        "Cost": 11620000,
        "Rarity": 5,
        "Purchasable": true,
        "Manufacturer": null,
        "Model": null,
        "UIName": "Cataphract CTF-0X",
        "Id": "mechdef_cataphract_CTF-0X",
        "Name": "Cataphract",
        "Details": "The Cataphract 0X \u2014 much like the lighter Raven \u2014 is an experimental model designed to carry a new generation of electronic warfare gear. Though less well-armed than other Cataphract variants, it's able to hold its own on the battlefield.",
        "Icon": "uixTxrIcon_cataphract"
    },
    "simGameMechPartCost": 1160000,
    "Version": 1,
    "Locations": [
        {
            "DamageLevel": "Functional",
            "Location": "Head",
            "CurrentArmor": 45,
            "CurrentRearArmor": -1,
            "CurrentInternalStructure": 16,
            "AssignedArmor": 45,
            "AssignedRearArmor": -1
        },
        {
            "DamageLevel": "Functional",
            "Location": "LeftArm",
            "CurrentArmor": 110,
            "CurrentRearArmor": -1,
            "CurrentInternalStructure": 55,
            "AssignedArmor": 110,
            "AssignedRearArmor": -1
        },
        {
            "DamageLevel": "Functional",
            "Location": "LeftTorso",
            "CurrentArmor": 100,
            "CurrentRearArmor": 30,
            "CurrentInternalStructure": 75,
            "AssignedArmor": 100,
            "AssignedRearArmor": 30
        },
        {
            "DamageLevel": "Functional",
            "Location": "CenterTorso",
            "CurrentArmor": 130,
            "CurrentRearArmor": 45,
            "CurrentInternalStructure": 110,
            "AssignedArmor": 130,
            "AssignedRearArmor": 45
        },
        {
            "DamageLevel": "Functional",
            "Location": "RightTorso",
            "CurrentArmor": 100,
            "CurrentRearArmor": 30,
            "CurrentInternalStructure": 75,
            "AssignedArmor": 100,
            "AssignedRearArmor": 30
        },
        {
            "DamageLevel": "Functional",
            "Location": "RightArm",
            "CurrentArmor": 110,
            "CurrentRearArmor": -1,
            "CurrentInternalStructure": 55,
            "AssignedArmor": 110,
            "AssignedRearArmor": -1
        },
        {
            "DamageLevel": "Functional",
            "Location": "LeftLeg",
            "CurrentArmor": 110,
            "CurrentRearArmor": -1,
            "CurrentInternalStructure": 75,
            "AssignedArmor": 110,
            "AssignedRearArmor": -1
        },
        {
            "DamageLevel": "Functional",
            "Location": "RightLeg",
            "CurrentArmor": 110,
            "CurrentRearArmor": -1,
            "CurrentInternalStructure": 75,
            "AssignedArmor": 110,
            "AssignedRearArmor": -1
        }
    ],
    "inventory": [
        {
            "MountedLocation": "LeftArm",
            "ComponentDefID": "Weapon_Laser_MediumLaser_0-STOCK",
            "SimGameUID": null,
            "ComponentDefType": "Weapon",
            "HardpointSlot": 0,
            "GUID": null,
            "DamageLevel": "Functional",
            "prefabName": null,
            "hasPrefabName": false
        },
        {
            "MountedLocation": "RightTorso",
            "ComponentDefID": "Weapon_Autocannon_AC5_0-STOCK",
            "SimGameUID": null,
            "ComponentDefType": "Weapon",
            "HardpointSlot": 0,
            "GUID": null,
            "DamageLevel": "Functional",
            "prefabName": null,
            "hasPrefabName": false
        },
        {
            "MountedLocation": "RightTorso",
            "ComponentDefID": "Ammo_AmmunitionBox_Generic_AC5",
            "SimGameUID": null,
            "ComponentDefType": "AmmunitionBox",
            "HardpointSlot": -1,
            "GUID": null,
            "DamageLevel": "Functional",
            "prefabName": null,
            "hasPrefabName": false
        },
        {
            "MountedLocation": "RightArm",
            "ComponentDefID": "Weapon_PPC_PPC_0-STOCK",
            "SimGameUID": null,
            "ComponentDefType": "Weapon",
            "HardpointSlot": 0,
            "GUID": null,
            "DamageLevel": "Functional",
            "prefabName": null,
            "hasPrefabName": false
        },
        {
            "MountedLocation": "RightArm",
            "ComponentDefID": "Weapon_Laser_MediumLaser_0-STOCK",
            "SimGameUID": null,
            "ComponentDefType": "Weapon",
            "HardpointSlot": 1,
            "GUID": null,
            "DamageLevel": "Functional",
            "prefabName": null,
            "hasPrefabName": false
        },
        {
            "MountedLocation": "LeftLeg",
            "ComponentDefID": "Gear_HeatSink_Generic_Standard",
            "SimGameUID": null,
            "ComponentDefType": "HeatSink",
            "HardpointSlot": -1,
            "GUID": null,
            "DamageLevel": "Functional",
            "prefabName": null,
            "hasPrefabName": false
        },
        {
            "MountedLocation": "LeftLeg",
            "ComponentDefID": "Gear_HeatSink_Generic_Standard",
            "SimGameUID": null,
            "ComponentDefType": "HeatSink",
            "HardpointSlot": -1,
            "GUID": null,
            "DamageLevel": "Functional",
            "prefabName": null,
            "hasPrefabName": false
        },
        {
            "MountedLocation": "RightLeg",
            "ComponentDefID": "Gear_HeatSink_Generic_Standard",
            "SimGameUID": null,
            "ComponentDefType": "HeatSink",
            "HardpointSlot": -1,
            "GUID": null,
            "DamageLevel": "Functional",
            "prefabName": null,
            "hasPrefabName": false
        },
        {
            "MountedLocation": "RightLeg",
            "ComponentDefID": "Gear_HeatSink_Generic_Standard",
            "SimGameUID": null,
            "ComponentDefType": "HeatSink",
            "HardpointSlot": -1,
            "GUID": null,
            "DamageLevel": "Functional",
            "prefabName": null,
            "hasPrefabName": false
        }
    ]
}