{
    "Description": {
        "Cost": 10900000,
        "Rarity": 5,
        "Purchasable": true,
        "Manufacturer": "",
        "Model": "",
        "UIName": "King Crab",
        "Id": "chassisdef_kingcrab_KGC-010sldf",
        "Name": "King Crab",
        "Details": "Introduced alongside the original 000 model in 2743, the '10 was created as a command 'mech for the SLDF. The design adds deadly fire support to compliment the frontline punch of the standard King Crab.",
        "Icon": "uixTxrIcon_kingcrab"
    },
    "MovementCapDefID": "movedef_kingcrab_KGC-0000",
    "PathingCapDefID": "pathingdef_assault",
    "HardpointDataDefID": "hardpointdatadef_kingcrab",
    "PrefabIdentifier": "chrPrfMech_kingcrabBase-001",
    "PrefabBase": "kingcrab",
    "Tonnage": 100,
    "InitialTonnage": 32,
    "weightClass": "ASSAULT",
    "BattleValue": 10206000,
    "Heatsinks": 30,
    "TopSpeed": 105,
    "TurnRadius": 90,
    "MaxJumpjets": 3,
    "Stability": 200,
    "StabilityDefenses": [
        0,
        0,
        0,
        0,
        0,
        0
    ],
    "SpotterDistanceMultiplier": 1,
    "VisibilityMultiplier": 1,
    "SensorRangeMultiplier": 1,
    "Signature": 0,
    "Radius": 8,
    "PunchesWithLeftArm": false,
    "MeleeDamage": 125,
    "MeleeInstability": 100,
    "MeleeToHitModifier": 0,
    "DFADamage": 125,
    "DFAToHitModifier": 0,
    "DFASelfDamage": 125,
    "DFAInstability": 125,
    "Locations": [
        {
            "Location": "Head",
            "Hardpoints": [],
            "Tonnage": 0,
            "InventorySlots": 1,
            "MaxArmor": 45,
            "MaxRearArmor": -1,
            "InternalStructure": 16
        },
        {
            "Location": "LeftArm",
            "Hardpoints": [
                {
                    "WeaponMount": "Ballistic",
                    "Omni": false
                },
                {
                    "WeaponMount": "Ballistic",
                    "Omni": false
                },
                {
                    "WeaponMount": "AntiPersonnel",
                    "Omni": false
                }
            ],
            "Tonnage": 0,
            "InventorySlots": 8,
            "MaxArmor": 170,
            "MaxRearArmor": -1,
            "InternalStructure": 85
        },
        {
            "Location": "LeftTorso",
            "Hardpoints": [
                {
                    "WeaponMount": "Missile",
                    "Omni": false
                },
                {
                    "WeaponMount": "Missile",
                    "Omni": false
                },
                {
                    "WeaponMount": "Missile",
                    "Omni": false
                }
            ],
            "Tonnage": 0,
            "InventorySlots": 10,
            "MaxArmor": 210,
            "MaxRearArmor": 105,
            "InternalStructure": 105
        },
        {
            "Location": "CenterTorso",
            "Hardpoints": [],
            "Tonnage": 0,
            "InventorySlots": 4,
            "MaxArmor": 310,
            "MaxRearArmor": 155,
            "InternalStructure": 155
        },
        {
            "Location": "RightTorso",
            "Hardpoints": [
                {
                    "WeaponMount": "Energy",
                    "Omni": false
                },
                {
                    "WeaponMount": "Energy",
                    "Omni": false
                },
                {
                    "WeaponMount": "Energy",
                    "Omni": false
                },
                {
                    "WeaponMount": "AntiPersonnel",
                    "Omni": false
                }
            ],
            "Tonnage": 0,
            "InventorySlots": 10,
            "MaxArmor": 210,
            "MaxRearArmor": 105,
            "InternalStructure": 105
        },
        {
            "Location": "RightArm",
            "Hardpoints": [
                {
                    "WeaponMount": "Ballistic",
                    "Omni": false
                },
                {
                    "WeaponMount": "Ballistic",
                    "Omni": false
                },
                {
                    "WeaponMount": "AntiPersonnel",
                    "Omni": false
                }
            ],
            "Tonnage": 0,
            "InventorySlots": 8,
            "MaxArmor": 170,
            "MaxRearArmor": -1,
            "InternalStructure": 85
        },
        {
            "Location": "LeftLeg",
            "Hardpoints": [],
            "Tonnage": 0,
            "InventorySlots": 4,
            "MaxArmor": 210,
            "MaxRearArmor": -1,
            "InternalStructure": 105
        },
        {
            "Location": "RightLeg",
            "Hardpoints": [],
            "Tonnage": 0,
            "InventorySlots": 4,
            "MaxArmor": 210,
            "MaxRearArmor": -1,
            "InternalStructure": 105
        }
    ],
    "LOSSourcePositions": [
        {
            "x": 0,
            "y": 14.5,
            "z": 0
        },
        {
            "x": 4,
            "y": 15,
            "z": -1
        },
        {
            "x": -4,
            "y": 15,
            "z": -1
        }
    ],
    "LOSTargetPositions": [
        {
            "x": 0,
            "y": 14.5,
            "z": 0
        },
        {
            "x": 4,
            "y": 15,
            "z": -1
        },
        {
            "x": -4,
            "y": 15,
            "z": -1
        },
        {
            "x": 3.5,
            "y": 5.5,
            "z": -1
        },
        {
            "x": -3.5,
            "y": 5.5,
            "z": -1
        }
    ],
    "VariantName": "KGC-010",
    "ChassisTags": {
        "items": [],
        "tagSetSourceFile": ""
    },
    "StockRole": "Juggernaut & Close Assault",
    "YangsThoughts": "One of the most heavily armed and armored 'Mechs ever constructed, the King Crab 0000 is capable of massive burst damage. A pair of heavy, close-range Autocannons form its primary weaponry, backed up by ranged weaponry to fire as it closes distance.",
}