{
    "Description": {
        "Cost": 5200000,
        "Rarity": 5,
        "Purchasable": true,
        "Manufacturer": "",
        "Model": "",
        "UIName": "Kintaro",
        "Id": "chassisdef_kintaro_KTO-19sldf",
        "Name": "Kintaro",
        "Details": "The KTO-19b was an upgrade utilized by the Royal Brigades of the SLDF. With double heatsinks and a larger LRM-15, it fills the originally intended role to tag enemy units with its Narc beacon at longer range before moving in for the kill.",
        "Icon": "uixTxrIcon_kintaro"
    },
    "MovementCapDefID": "movedef_kintaro_KTO-18",
    "PathingCapDefID": "pathingdef_medium",
    "HardpointDataDefID": "hardpointdatadef_kintaro",
    "PrefabIdentifier": "chrPrfMech_kintaroBase-001",
    "PrefabBase": "kintaro",
    "Tonnage": 55,
    "InitialTonnage": 20.5,
    "weightClass": "MEDIUM",
    "BattleValue": 5148000,
    "Heatsinks": 30,
    "TopSpeed": 80,
    "TurnRadius": 90,
    "MaxJumpjets": 5,
    "Stability": 130,
    "StabilityDefenses": [
        0,
        0,
        0,
        0,
        0,
        0
    ],
    "SpotterDistanceMultiplier": 1,
    "VisibilityMultiplier": 1,
    "SensorRangeMultiplier": 1,
    "Signature": 0,
    "Radius": 5,
    "PunchesWithLeftArm": false,
    "MeleeDamage": 70,
    "MeleeInstability": 55,
    "MeleeToHitModifier": 0,
    "DFADamage": 70,
    "DFAToHitModifier": 0,
    "DFASelfDamage": 70,
    "DFAInstability": 70,
    "Locations": [
        {
            "Location": "Head",
            "Hardpoints": [],
            "Tonnage": 0,
            "InventorySlots": 1,
            "MaxArmor": 45,
            "MaxRearArmor": -1,
            "InternalStructure": 16
        },
        {
            "Location": "LeftArm",
            "Hardpoints": [
                {
                    "WeaponMount": "Missile",
                    "Omni": false
                },
                {
                    "WeaponMount": "Missile",
                    "Omni": false
                },
                {
                    "WeaponMount": "Energy",
                    "Omni": false
                }
            ],
            "Tonnage": 0,
            "InventorySlots": 8,
            "MaxArmor": 90,
            "MaxRearArmor": -1,
            "InternalStructure": 45
        },
        {
            "Location": "LeftTorso",
            "Hardpoints": [],
            "Tonnage": 0,
            "InventorySlots": 10,
            "MaxArmor": 130,
            "MaxRearArmor": 65,
            "InternalStructure": 65
        },
        {
            "Location": "CenterTorso",
            "Hardpoints": [
                {
                    "WeaponMount": "Missile",
                    "Omni": false
                },
                {
                    "WeaponMount": "Energy",
                    "Omni": false
                }
            ],
            "Tonnage": 0,
            "InventorySlots": 4,
            "MaxArmor": 180,
            "MaxRearArmor": 90,
            "InternalStructure": 90
        },
        {
            "Location": "RightTorso",
            "Hardpoints": [
                {
                    "WeaponMount": "Missile",
                    "Omni": false
                },
                {
                    "WeaponMount": "Missile",
                    "Omni": false
                }
            ],
            "Tonnage": 0,
            "InventorySlots": 10,
            "MaxArmor": 130,
            "MaxRearArmor": 65,
            "InternalStructure": 65
        },
        {
            "Location": "RightArm",
            "Hardpoints": [
                {
                    "WeaponMount": "Energy",
                    "Omni": false
                },
                {
                    "WeaponMount": "Energy",
                    "Omni": false
                }
            ],
            "Tonnage": 0,
            "InventorySlots": 8,
            "MaxArmor": 90,
            "MaxRearArmor": -1,
            "InternalStructure": 45
        },
        {
            "Location": "LeftLeg",
            "Hardpoints": [],
            "Tonnage": 0,
            "InventorySlots": 4,
            "MaxArmor": 130,
            "MaxRearArmor": -1,
            "InternalStructure": 65
        },
        {
            "Location": "RightLeg",
            "Hardpoints": [],
            "Tonnage": 0,
            "InventorySlots": 4,
            "MaxArmor": 130,
            "MaxRearArmor": -1,
            "InternalStructure": 65
        }
    ],
    "LOSSourcePositions": [
        {
            "x": 0,
            "y": 15,
            "z": 0
        },
        {
            "x": 3,
            "y": 15,
            "z": 0
        },
        {
            "x": -3,
            "y": 15,
            "z": 0
        }
    ],
    "LOSTargetPositions": [
        {
            "x": 0,
            "y": 15,
            "z": 0
        },
        {
            "x": 3,
            "y": 15,
            "z": 0
        },
        {
            "x": -3,
            "y": 15,
            "z": 0
        },
        {
            "x": 3,
            "y": 5,
            "z": 0
        },
        {
            "x": -3,
            "y": 5,
            "z": 0
        }
    ],
    "VariantName": "KTO-19b",
    "ChassisTags": {
        "items": [],
        "tagSetSourceFile": ""
    },
    "StockRole": "Juggernaut & Close Assault",
    "YangsThoughts": "The Kintaro 18 is\u2026 a beast of a machine. It's fast for its size, mounts heavy armor, and can literally shred most other 'Mechs with its almost ridiculous amount of close-range weaponry. But, it runs hotter than Hell's saunas."
}